text_name,text_key,html_name,model_path,chunk_index,!NORULES,!UNTAGGED,!BLACKLISTED,Academic_Abstract_Language_Reference,Academic_Abstract_Metadiscourse,Academic_Abstract_N_AJ_AV,Academic_Abstract_Specialized,Academic_Citation,Academic_Citation_Attack,Academic_Citation_Authoritative,Academic_Citation_CommunicatorRole,Academic_Citation_ConfirmPreviousThght,Academic_Citation_Contestable,Academic_Citation_Neg,Academic_Citation_Precedent,Academic_Citation_Quotation,Academic_Citation_ReceivedPOV,Academic_Citation_Repair,Assert_Clipped_Verb,Assert_FP_Affirmation,Assert_FP_Denial,Assert_First_Person,Assert_Insist,Assert_Intensity,Assert_Prohibit,Character_DialogCues,Character_Neutral_Attribution,Character_OralCues,Character_PersonPronoun,Character_PersonProperty,Character_Proper_Noun,Descript_Motions,Descript_SceneShift,Descript_SenseObject,Descript_SenseProperty,Descript_SpaceRelation,Directives_ConfirmExperience,Directives_ErrorRecovery,Directives_Imperative,Directives_MoveBody,Directives_Procedures,Directives_TaskAssignments,Elaboration_Abbrev_Suff_Prefix,Elaboration_Comparison,Elaboration_Coord,Elaboration_Definition,Elaboration_Determiner,Elaboration_Example,Elaboration_Exceptions,Elaboration_Generalization,Elaboration_Numbers,Elaboration_Prep,Elaboration_That_Wh,Emotion_Anger,Emotion_Fear,Emotion_Negativity,Emotion_Positivity,Emotion_Sad,Future,Future_Predicted,Interactive_Attention,Interactive_Curiosity,Interactive_Feedback,Interactive_FollowUp,Interactive_Formal_Query,Interactive_Future_Question,Interactive_PriorKnowledge,Interactive_Question,Interactive_Request,Interactive_Suggestion,Interactive_You_Attention,Interactive_You_Contingent,Interactive_You_Focal_Subject,Interactive_You_Question,Interactive_You_Reference,Narrative_Aside,Narrative_Biographical_Time,Narrative_Duration,Narrative_Duration_Short,Narrative_TimeDate,Narrative_TimeShift,Narrative_Verbs,Past,Past_Future_in_Past,Personal_Autobio,Personal_Confidence,Personal_Disclosure,Personal_Immediacy,Personal_Perception,Personal_Reluctance,Personal_Self_Disclosure,Personal_Self_Reluctance,Personal_Thinking,Personal_Time,Personal_Uncertainty,Personal_Weak_Willed,Public_Innovations,Public_Language,Public_Media,Public_Responsibility,Public_Values_Negative,Public_Values_Positive,Reason_Backward,Reason_Concessive,Reason_Contingency,Reason_DenyDisclaim,Reason_Directed,Reason_Forward,Reason_Support,Relations_Accept_Agree,Relations_Acknowledge,Relations_Apology,Relations_Inclusive,Relations_NegFeedback,Relations_Negative_Relation,Relations_PosFeedback,Relations_Positive_Relation,Relations_Promise,Relations_Reassure,Relations_Reinforce,Relations_Resistance,Relations_Self_Apology,Relations_Self_Promise,Reporting_Cause,Reporting_Consequence,Reporting_Events,Reporting_GenericEvents,Reporting_Geography_Cities,Reporting_Geography_Countries,Reporting_Geography_US_States,Reporting_MatureProcess,Reporting_Precedent_Setting,Reporting_RecurringEvents,Reporting_Resemblances,Reporting_Sequence,Reporting_States,Reporting_Substitution,Reporting_Transformation,Reporting_Updates,<# Word Tokens>,<# Punctuation Tokens>,<# Tokens>
AllsWellThatEndsWell.txt,allswellthatendswell,AllsWellThatEndsWell_Docuscope_.html,0,0,11.0683744725,0.948504425109,0,0.280070204265,0.612420179992,3.62224130849,0.18671346951,0.515329175847,0,0,0.00373426939019,0,0,0.00373426939019,0.00746853878039,0,0.0261398857314,0.0224056163412,1.32193136413,0.974644310841,0.351021322678,2.71481384667,1.00078419657,2.16587624631,0,0.018671346951,0.302475820606,0.698308375966,2.3600582546,2.8193733896,0.840210612794,0.627357257553,0.448112326823,2.87538743045,0.993315657792,1.72896672766,0.0261398857314,0,1.59079876022,0.00746853878039,0.0448112326823,0.0933567347548,0.134433698047,0.787930841331,2.46088352814,0,2.10239366668,0.0485455020725,0.209119085851,0.332349975727,0.399566824751,5.12715187274,0.96344150267,0.168042122559,0.20165054707,2.25923298107,1.32566563352,0.276335934874,1.13895216401,0.534000522798,0.95597296389,0.38836401658,0,0,0.123230889876,0.182979200119,0.0298741551216,2.2069532096,0.209119085851,0,1.30699428657,0.0336084245117,0.77299376377,0.242727510363,2.25176444229,0.339818514508,0.38836401658,0.522797714627,0.0522797714627,0.018671346951,0.351021322678,0.291273012435,1.07920385377,0.0149370775608,0.492923559506,0.507860637066,0.0858881959745,0.978378580231,1.17256058852,0.00746853878039,1.34807124986,0.0373426939019,0.313678628776,0.238993240972,0.436909518653,0.0112028081706,0.0261398857314,1.50864483364,0.00373426939019,0.0933567347548,0.709511184137,2.69614249972,0.0634825796333,0.343552783898,1.67295268681,1.48250494791,0,1.18376339669,0.0298741551216,0.0149370775608,0.153105044998,0.00373426939019,0.899958923037,0,0.317412898166,0,0.604951641211,0.0410769632921,0.0597483102431,0.0224056163412,1.46756787035,0,0.0261398857314,0.112028081706,0.0336084245117,3.36457672056,0.429440979872,0.018671346951,0.0784196571941,0,0.018671346951,0,0.302475820606,0.227790432802,0.709511184137,3.20400313679,0.0261398857314,0.265133126704,0.619888718772,22628,4151,26779
AnthonyAndCleopatra.txt,anthonyandcleopatra,AnthonyAndCleopatra_Docuscope_.html,0,0,12.8610919143,1.37525915688,0,0.221147201106,0.559778852799,3.2791983414,0.245335176227,0.369730476849,0,0,0.0172771250864,0.03800967519,0,0,0.0103662750518,0,0.0518313752592,0.0276434001382,1.27505183138,0.746371803732,0.248790601244,2.43607463718,0.908776779544,1.70352453352,0.0345542501728,0.0207325501037,0.300621976503,0.742916378715,2.06288873531,2.41879751209,2.25639253628,1.10228058051,0.490670352453,3.42778161714,1.18521078093,2.07671043538,0.0103662750518,0,2.72633033863,0.0449205252246,0.03800967519,0.0794747753974,0.183137525916,1.04699378023,2.39115411196,0,1.9799585349,0.0138217000691,0.0587422252937,0.321354526607,0.231513476158,4.81686247408,1.02971665515,0.158949550795,0.193503800968,2.03870076019,1.17484450587,0.26606772633,1.16447823082,0.514858327574,0.953697304768,0.252246026261,0,0.0103662750518,0.0310988251555,0.245335176227,0.0449205252246,2.33241188666,0.134761575674,0,0.780926053905,0.0449205252246,0.494125777471,0.162404975812,2.31513476158,0.335176226676,0.366275051831,0.615065653075,0.0725639253628,0.00691085003455,0.542501727713,0.276434001382,0.798203178991,0.0207325501037,0.286800276434,0.43192812716,0.0656530753283,1.07809260539,1.28196268141,0.0483759502419,0.88804422944,0.0138217000691,0.276434001382,0.200414651002,0.238424326192,0.0207325501037,0,1.22322045612,0,0.0552868002764,0.459571527298,1.83137525916,0.0552868002764,0.335176226676,1.16102280581,1.46855563234,0.0207325501037,0.998617829993,0.0172771250864,0,0.100207325501,0,1.3199723566,0.0241879751209,0.331720801659,0,0.615065653075,0.0138217000691,0.0207325501037,0,1.47546648238,0,0.00691085003455,0.203870076019,0.00691085003455,3.57636489288,0.390463026952,0.134761575674,0.186592950933,0,0.0138217000691,0.00345542501728,0.172771250864,0.293711126469,0.54595715273,3.09606081548,0.0207325501037,0.452660677263,0.722183828611,23863,5077,28940
AsYouLikeIt.txt,asyoulikeit,AsYouLikeIt_Docuscope_.html,0,0,10.2079469676,0.587933551671,0,0.284102118928,0.587933551671,3.33425403464,0.264372805114,0.398532139052,0,0,0.00789172552579,0.0473503531547,0,0.00789172552579,0.0118375882887,0,0.0473503531547,0.0276210393403,1.43629404569,0.722092885609,0.410369727341,2.7226453064,0.694471846269,1.86244722409,0,0.00789172552579,0.244643491299,1.00619500454,1.92952689105,2.88047981691,1.26267608413,0.80495600363,0.339344197609,3.42500887819,1.44813163398,2.12287416644,0.0631338042063,0,1.86244722409,0,0.0591879414434,0.0236751765774,0.0236751765774,1.13640847571,2.6161070118,0.00789172552579,2.05579449947,0.0394586276289,0.236751765774,0.374856962475,0.280156256165,4.87708637494,1.06932880874,0.181509687093,0.114430020124,1.93741861658,1.79536755712,0.366965236949,1.0101408673,0.595825277197,0.662904944166,0.457720080496,0,0.0236751765774,0.0868089807836,0.220968314722,0.0315669021031,2.52535216825,0.244643491299,0.00789172552579,1.51126543819,0.0631338042063,0.947007063094,0.217022451959,2.42670559918,0.288047981691,0.363019374186,0.698417709032,0.0631338042063,0.0394586276289,0.509016296413,0.347235923135,1.0101408673,0.0236751765774,0.520853884702,0.331452472083,0.0710255297321,1.0851122598,1.1166791619,0.0236751765774,1.14035433848,0.0236751765774,0.307777295506,0.228860040248,0.268318667877,0.0197293138145,0.00394586276289,1.00224914177,0.00789172552579,0.0789172552579,0.635283904826,2.35568006945,0.0907548435465,0.29988556998,1.70066685081,1.61385787002,0,1.7125044391,0.00789172552579,0.0197293138145,0.153888647753,0,0.568204237857,0.0236751765774,0.437990766681,0.0118375882887,0.714201160084,0.0315669021031,0.0394586276289,0,1.62174959555,0,0.0157834510516,0.14994278499,0.0315669021031,3.02253087638,0.402478001815,0.102592431835,0.0118375882887,0,0.00394586276289,0,0.264372805114,0.343290060372,0.852306356785,2.98307224875,0.0197293138145,0.29988556998,0.595825277197,21395,3948,25343
ComedyOfErrors.txt,comedyoferrors,ComedyOfErrors_Docuscope_.html,0,0,11.2789351852,0.99537037037,0,0.25462962963,0.619212962963,3.24652777778,0.219907407407,0.52662037037,0.0173611111111,0.0115740740741,0,0.0868055555556,0,0,0.00578703703704,0,0.0115740740741,0.104166666667,0.931712962963,0.619212962963,0.497685185185,3.94675925926,0.439814814815,1.55671296296,0.0115740740741,0,0.248842592593,0.821759259259,1.88078703704,3.48958333333,0.625,0.925925925926,0.850694444444,4.4212962963,1.21527777778,2.59259259259,0.0115740740741,0,2.57523148148,0.0520833333333,0.0289351851852,0.0636574074074,0,0.642361111111,2.71412037037,0.00578703703704,1.66087962963,0.0925925925926,0.104166666667,0.295138888889,0.318287037037,4.96527777778,0.902777777778,0.300925925926,0.190972222222,2.56944444444,1.09375,0.283564814815,0.914351851852,0.451388888889,0.393518518519,0.295138888889,0,0.0173611111111,0.0636574074074,0.144675925926,0.00578703703704,3.11342592593,0.15625,0,1.33101851852,0.0578703703704,0.601851851852,0.196759259259,2.73726851852,0.133101851852,0.21412037037,0.758101851852,0.0347222222222,0.0347222222222,0.486111111111,0.335648148148,0.896990740741,0.0115740740741,0.41087962963,0.41087962963,0.109953703704,1.4525462963,0.920138888889,0.0115740740741,1.34259259259,0.0462962962963,0.277777777778,0.196759259259,0.387731481481,0.0289351851852,0.00578703703704,0.9375,0.0115740740741,0.0694444444444,0.862268518519,1.4525462963,0.0868055555556,0.260416666667,1.33680555556,1.52199074074,0.0115740740741,1.33680555556,0.0173611111111,0.0173611111111,0.0810185185185,0,0.792824074074,0,0.393518518519,0,0.422453703704,0.0347222222222,0.0173611111111,0,1.31365740741,0,0.0173611111111,0.21412037037,0.0115740740741,3.83680555556,0.219907407407,0.00578703703704,0.0405092592593,0,0.0115740740741,0,0.202546296296,0.150462962963,0.584490740741,2.51157407407,0,0.381944444444,0.520833333333,14375,2905,17280
Coriolanus.txt,coriolanus,Coriolanus_Docuscope_.html,0,0,11.7404092872,1.53013329996,0,0.240941235371,0.513173540272,3.63915138619,0.156455347644,0.47875336379,0,0,0.00938732085863,0.0876149946805,0.00312910695288,0.00312910695288,0,0,0.0813567807748,0.025032855623,1.15151135866,0.619563176669,0.262844984042,1.86807685087,0.866762625947,1.76794542837,0.0125164278115,0.0125164278115,0.41304211778,0.851117091182,2.14969647663,2.37812128419,0.72908192002,0.973152262344,0.475624256837,3.57969835409,0.960635834533,2.19350397397,0.0375492834345,0,2.1716002253,0.050065711246,0.050065711246,0.0438074973403,0.200262844984,1.13586582389,2.42505788848,0,2.13092183491,0.0563239251518,0.115776957256,0.319168909193,0.394267476062,5.16928468615,0.954377620627,0.25032855623,0.203391951937,1.99011202203,1.01383065273,0.137680705927,1.20783528381,0.419300331685,0.697790850491,0.312910695288,0,0,0.075098566869,0.131422492021,0.0281619625759,2.37812128419,0.187746417173,0,1.45503473309,0.0563239251518,0.873020839852,0.259715877089,2.2905062895,0.341072657863,0.281619625759,0.638337818387,0.0312910695288,0.00312910695288,0.481882470743,0.350459978722,1.16402778647,0.00938732085863,0.331685337005,0.472495149884,0.0844858877276,0.910570123287,1.07328368484,0.0187746417173,0.819826021653,0.0281619625759,0.20652105889,0.215908379748,0.369234620439,0.0187746417173,0.0219037486701,1.70536328932,0.00312910695288,0.0970023155391,0.66337067401,2.33431378685,0.0344201764816,0.41304211778,1.40496902184,1.46442205395,0.0344201764816,0.941861192816,0.0281619625759,0.0219037486701,0.0907441016334,0,1.67094311284,0.0187746417173,0.378621941298,0,0.679016208774,0.0125164278115,0.0312910695288,0.00625821390575,1.60836097378,0,0,0.118906064209,0,3.42324300645,0.531948181989,0.278490518806,0.0125164278115,0,0.00938732085863,0.0125164278115,0.247199449277,0.403654796921,0.719694599161,2.73483947681,0.0344201764816,0.303523374429,0.657112460104,26719,5239,31958
Cymbeline.txt,cymbeline,Cymbeline_Docuscope_.html,0,0,12.1173588066,1.16614458952,0,0.279130353875,0.561362156127,3.31544831436,0.241912973359,0.297739044134,0,0.00310144837639,0.00620289675278,0.0558260707751,0,0,0.0124057935056,0,0.0341159321403,0.00930434512918,1.17234748628,0.762956300592,0.2233042831,2.46875290761,0.840492510002,1.67478212325,0.0310144837639,0,0.257420215241,0.651304159042,2.13379648296,2.67034705207,1.15063734764,0.86840554539,0.434202772695,3.54805694259,1.12582576063,1.97252116739,0.0124057935056,0,1.8391588872,0.0124057935056,0.0558260707751,0.0775362094098,0.148869522067,1.17855038303,2.50286883975,0.00620289675278,2.14310082809,0.0620289675278,0.161275315572,0.307043389263,0.319449182768,5.0708680954,1.09791272524,0.269826008746,0.269826008746,2.33539062742,1.46078218528,0.291536147381,1.0637967931,0.37837670192,0.595478088267,0.272927457122,0,0,0.0899420029154,0.213999937971,0.0124057935056,2.23924572775,0.164376763949,0,1.01727506746,0.0310144837639,0.52414477561,0.142666625314,2.29817324691,0.372173805167,0.297739044134,0.691622987935,0.0496231740223,0.0341159321403,0.471420153212,0.415594082436,1.32121700834,0.0248115870111,0.471420153212,0.393883943802,0.0744347610334,1.12582576063,1.14443445089,0.0248115870111,1.17234748628,0,0.282231802252,0.220202834724,0.471420153212,0.015507241882,0.00930434512918,1.15994169277,0,0.0620289675278,0.728840368452,2.26405731477,0.0682318642806,0.372173805167,1.37704307912,1.54762273982,0.0279130353875,1.14443445089,0.015507241882,0,0.130260831808,0,1.12892720901,0.0124057935056,0.45591291133,0.00930434512918,0.465217256459,0.0248115870111,0.0341159321403,0,1.47628942716,0,0.00930434512918,0.192289799336,0.0310144837639,3.3495642465,0.493130291846,0.0310144837639,0.0434202772695,0,0.00620289675278,0,0.235710076606,0.288434699004,0.741246161958,3.31234686599,0.0279130353875,0.341159321403,0.555159259374,26928,5315,32243
Hamlet.txt,hamlet,Hamlet_Docuscope_.html,0,0,12.1124247156,1.05955833147,0,0.345750613429,0.711019406647,3.74749051974,0.186816863707,0.365268793219,0,0,0.0195181797903,0.0557662279723,0.00557662279723,0,0.0167298683917,0,0.0418246709793,0.0167298683917,1.38579076511,0.535355788534,0.139415569931,1.89884006246,0.719384340843,2.0243140754,0.0111532455945,0.0111532455945,0.248159714477,0.908989515949,1.73432968994,1.94624135623,1.03446352889,0.984273923712,0.579968770912,3.91478920366,1.4164621905,2.02710238679,0.00557662279723,0,2.14978808833,0.036248048182,0.0418246709793,0.111532455945,0.117109078742,0.94802587553,2.8273477582,0.0139415569931,2.05777381218,0.0334597367834,0.111532455945,0.317867499442,0.298349319652,5.22529556101,0.998215480705,0.2007584207,0.211911666295,2.420254294,1.19897390141,0.292772696855,1.09859469106,0.518625920143,1.4164621905,0.381998661611,0,0.0223064911889,0.0808610305599,0.197970109302,0.036248048182,2.74369841624,0.094802587553,0,1.26031675217,0.0334597367834,0.621793441892,0.142203881329,1.82913227749,0.245371403078,0.253736337274,0.775150568816,0.0752844077627,0.0111532455945,0.415458398394,0.250948025876,0.864376533571,0.0139415569931,0.482377871961,0.376422038813,0.223064911889,1.28541155476,1.27146999777,0.0139415569931,0.895047958956,0.0278831139862,0.440553200981,0.2007584207,0.437764889583,0.0167298683917,0.00836493419585,1.18224403301,0,0.0669194735668,0.683136292661,1.79288422931,0.0474012937765,0.337385679233,1.4108855677,1.52241802364,0.0167298683917,1.19618559001,0.0139415569931,0.00836493419585,0.094802587553,0,1.06513495427,0,0.312290876645,0,0.490742806157,0.0139415569931,0.036248048182,0.00557662279723,1.59212580861,0.0139415569931,0.00836493419585,0.0864376533571,0.0641311621682,3.35712692393,0.460071380772,0.0111532455945,0.103167521749,0,0,0.00278831139862,0.276042828463,0.412670086995,0.655253178675,2.94445683694,0.00557662279723,0.337385679233,0.485166183359,29738,6126,35864
JuliusCaesar.txt,juliuscaesar,JuliusCaesar_Docuscope_.html,0,0,11.8403394086,1.14723581107,0,0.190484436556,0.787912896662,3.4070738993,0.233776353955,0.367981297892,0,0.0043291917399,0.0086583834798,0.0606086843586,0.0043291917399,0,0.0043291917399,0,0.0259751504394,0.0216459586995,1.19052772847,0.645049569245,0.510844625308,2.19057102039,0.744620979263,1.98709900862,0,0.0476211091389,0.220788778735,0.705658253604,1.64076366942,1.61911771072,3.15165158665,1.03900601758,0.549807350968,3.38109874886,1.19485692021,2.07801203515,0,0,2.50227282566,0.0389627256591,0.0389627256591,0.125546560457,0.0346335339192,0.770596129703,2.67111130352,0.0173167669596,1.70137235378,0.0303043421793,0.160180094376,0.406944023551,0.255422312654,4.48937183428,1.11260227715,0.233776353955,0.45456513269,2.19922940387,0.965409757998,0.225117970475,1.24680722109,0.679683103165,1.05632278454,0.303043421793,0,0,0.0606086843586,0.220788778735,0.0779254513182,2.91787523269,0.160180094376,0,1.14290661933,0.0173167669596,0.718645828824,0.220788778735,2.14727910299,0.168838477856,0.324689380493,0.796571280142,0.0476211091389,0.108229793498,0.575782501407,0.320360188753,0.835534005801,0,0.220788778735,0.43291917399,0.103900601758,1.47192519157,1.41564569895,0.0173167669596,0.796571280142,0.0129875752197,0.354993722672,0.212130395255,0.303043421793,0.0173167669596,0.0129875752197,0.939434607559,0,0.0562794926187,0.549807350968,1.78362699684,0.0476211091389,0.290055846573,1.31174509719,1.53686306767,0.0259751504394,1.58015498506,0.0259751504394,0.0129875752197,0.0216459586995,0,1.17754015325,0,0.411273215291,0.0129875752197,0.606086843586,0.0259751504394,0.0562794926187,0,1.31607428893,0,0,0.212130395255,0.0389627256591,3.20793107927,0.42858998225,0.168838477856,0.0129875752197,0,0,0.0173167669596,0.190484436556,0.272739079614,0.666695527945,3.09537209403,0,0.354993722672,0.588770076627,19131,3968,23099
KingHenry4_1.txt,kinghenry41,KingHenry4_1_Docuscope_.html,0,0,11.4243738632,1.10535889184,0,0.272841751784,0.685602350637,3.57142857143,0.381278858262,0.412760598853,0,0,0.0104939135302,0.0209878270603,0.00699594235344,0,0.00349797117672,0,0.0804533370645,0.0279837694137,0.891982650063,0.787043514761,0.423254512383,2.35763257311,0.654120610046,1.93437806072,0.00699594235344,0.024485798237,0.143416818245,1.05638729537,1.35721281657,2.36462851546,1.88190849307,1.04939135302,0.507205820624,4.27102280677,1.58458094305,2.22820763957,0.0104939135302,0,1.59157688541,0.0139918847069,0.0664614523576,0.0909472505947,0.00699594235344,0.724080033581,2.90331607668,0.0139918847069,2.21421575486,0.0524695676508,0.125926962362,0.370784944732,0.549181474745,5.52329648804,0.825521197705,0.195886385896,0.391772771792,2.26668532251,1.13684063243,0.160906674129,1.14033860361,0.486217993564,1.00391772772,0.2553518959,0.0139918847069,0,0.0594655100042,0.265845809431,0,2.79138099902,0.048971596474,0.00699594235344,0.752063802994,0.0279837694137,0.356793060025,0.139918847069,2.60249055548,0.216874212956,0.258849867077,1.01091367007,0.0524695676508,0.122428991185,0.549181474745,0.335805232965,0.88498670771,0.0349797117672,0.475724080034,0.521197705331,0.108437106478,1.26626556597,1.08437106478,0.0139918847069,0.881488736533,0.0104939135302,0.171400587659,0.181894501189,0.297327550021,0.048971596474,0.0104939135302,1.49013572128,0,0.0594655100042,0.773051630055,2.00783545544,0.0349797117672,0.262347838254,1.35721281657,1.25227368126,0.00699594235344,1.3677067301,0.0209878270603,0.00699594235344,0.0454736252973,0,1.13684063243,0,0.503707849447,0,0.42675248356,0.0104939135302,0.0594655100042,0,1.46564992304,0.00699594235344,0.00699594235344,0.0944452217714,0,3.15167203022,0.360291031202,0.0944452217714,0.0104939135302,0,0,0,0.209878270603,0.391772771792,0.626136840632,2.553518959,0.024485798237,0.300825521198,0.626136840632,23974,4614,28588
KingHenry4_2.txt,kinghenry42,KingHenry4_2_Docuscope_.html,0,0,11.6772961248,1.23344880054,0,0.281653663116,0.51798374826,3.50610249603,0.216905694584,0.424099193888,0,0,0.00971219527987,0.051798374826,0.00323739842662,0,0,0,0.0323739842662,0.0129495937065,0.967982129561,0.644242286898,0.291365858396,2.38596264042,0.802874809803,1.71905856454,0.0194243905597,0,0.142445530771,0.922658551588,1.49891547153,2.9913561462,1.79028132992,1.01978050439,0.511508951407,4.20538055619,1.88740328272,2.1884813364,0.0291365858396,0,2.13992036,0.0194243905597,0.0356113826929,0.077697562239,0.025899187413,0.851435786202,2.79063744375,0.00647479685325,2.21438052381,0.0388487811195,0.0420861795461,0.326977241089,0.369063420635,5.21868626372,0.835248794069,0.155395124478,0.213668296157,2.3341642656,1.40503091715,0.22014309301,1.01654310596,0.521221146687,1.06186668393,0.24927967885,0,0,0.0453235779727,0.178056913464,0.0356113826929,2.21114312538,0.135970733918,0,1.3014341675,0.0323739842662,0.51798374826,0.106834148079,2.44747321053,0.242804881997,0.25899187413,0.663666677458,0.051798374826,0.025899187413,0.382013014342,0.304315452103,0.883809770468,0.00647479685325,0.482372365567,0.4985593577,0.100359351225,1.14603904303,0.932370746868,0.00323739842662,0.990643918547,0.0194243905597,0.304315452103,0.194243905597,0.281653663116,0.0291365858396,0.0194243905597,1.62841140859,0.00647479685325,0.0550357732526,0.666904075885,2.35035125773,0.0550357732526,0.223380491437,1.13632684775,1.24963579268,0,1.48920327625,0.00647479685325,0.00647479685325,0.0550357732526,0,0.948557739001,0.0194243905597,0.365826022209,0.00971219527987,0.462947975007,0.00971219527987,0.0582731716792,0.0420861795461,1.28200977694,0.0129495937065,0.0161869921331,0.145682929198,0.0323739842662,3.20826184078,0.414386998608,0.113308944932,0.00971219527987,0,0.00323739842662,0.00971219527987,0.184531710318,0.320502444236,0.666904075885,2.67409110039,0.0129495937065,0.420861795461,0.637767490045,25788,5101,30889
KingHenry5.txt,kinghenry5,KingHenry5_Docuscope_.html,0,0,11.1300436205,1.42107415485,0,0.272628135224,0.531624863686,4.01104143948,0.201063249727,0.453244274809,0,0.00340785169029,0.0204471101418,0.0272628135224,0.0102235550709,0.00681570338059,0.00681570338059,0,0.0988276990185,0.0170392584515,1.17230098146,0.439612868048,0.221510359869,1.78571428571,0.715648854962,1.73800436205,0.0340785169029,0.0374863685932,0.156761177754,0.480507088332,1.77889858233,2.81147764449,1.38699563795,1.03257906216,0.46346782988,4.59719193021,1.48582333697,1.94588331516,0.0136314067612,0,2.0378953108,0.0238549618321,0.0443020719738,0.0817884405671,0.0681570338059,0.729280261723,3.4419302072,0,2.54566521265,0.0272628135224,0.197655398037,0.385087241003,0.432797164667,6.20229007634,0.869002181025,0.214694656489,0.23514176663,2.20147219193,1.22682660851,0.11245910578,1.00190839695,0.623636859324,0.613413304253,0.211286804798,0,0.0170392584515,0.0238549618321,0.255588876772,0.0477099236641,1.56761177754,0.102235550709,0,0.909896401309,0.0511177753544,0.483914940022,0.0681570338059,2.01063249727,0.255588876772,0.364640130862,0.603189749182,0.057933478735,0.0340785169029,0.395310796074,0.272628135224,0.644083969466,0.00681570338059,0.139721919302,0.398718647764,0.136314067612,1.0189476554,1.19615594329,0.00681570338059,0.889449291167,0.0102235550709,0.323745910578,0.156761177754,0.214694656489,0.0238549618321,0.0102235550709,1.93906761178,0,0.0647491821156,0.838331515812,2.33097055616,0.0511177753544,0.296483097056,1.25749727372,1.13481461287,0.0545256270447,1.58805888768,0.0102235550709,0.0238549618321,0.0613413304253,0,1.63236095965,0.0102235550709,0.398718647764,0.00681570338059,0.507769901854,0.0374863685932,0.057933478735,0.00681570338059,1.34950926936,0.00681570338059,0.0102235550709,0.139721919302,0.0272628135224,3.21701199564,0.453244274809,0.184023991276,0.289667393675,0,0.00340785169029,0,0.194247546347,0.34419302072,0.637268266085,3.07388222465,0.0170392584515,0.402126499455,0.606597600872,24899,4445,29344
KingHenry6_1.txt,kinghenry61,KingHenry6_1_Docuscope_.html,0,0,11.2946979038,1.09741060419,0,0.250719276613,0.448006576243,3.31689272503,0.271270036991,0.238388820386,0,0.00822030415125,0,0.0164406083025,0.0123304562269,0.00411015207563,0.0205507603781,0,0.0246609124538,0.0164406083025,0.563090834361,0.452116728319,0.19728729963,2.39621866009,0.538429921907,1.60706946157,0,0.0123304562269,0.168516235101,0.497328401151,1.66461159063,2.58939580764,1.81257706535,0.842581175503,0.546650226058,3.75256884505,1.40156185779,2.07973695027,0.0123304562269,0,2.10439786272,0.0246609124538,0.106863953966,0.06576243321,0.0287710645294,0.665844636252,3.00041101521,0,2.06329634196,0.0411015207563,0.176736539252,0.287710645294,0.287710645294,5.68023016852,0.978216193999,0.378133990958,0.271270036991,2.5976161118,1.20838471023,0.234278668311,1.14262227702,0.706946157008,0.822030415125,0.320591861899,0,0.0123304562269,0.0164406083025,0.226058364159,0.0369913686806,2.00986436498,0.0698725852857,0,0.674064940403,0.0411015207563,0.304151253596,0.160295930949,2.63871763255,0.156185778874,0.39457459926,0.912453760789,0.0246609124538,0.00822030415125,0.398684751336,0.279490341143,0.879572544184,0,0.35758323058,0.448006576243,0.13152486642,1.34401972873,1.21249486231,0.0246609124538,0.904233456638,0,0.238388820386,0.226058364159,0.250719276613,0.0616522811344,0.0205507603781,1.94410193177,0,0.0205507603781,0.957665433621,2.58939580764,0.0698725852857,0.283600493218,1.34401972873,1.27414714344,0.0205507603781,1.78380600082,0.0246609124538,0.0246609124538,0.0246609124538,0,1.17550349363,0.0287710645294,0.793259350596,0.0123304562269,0.571311138512,0.0411015207563,0.06576243321,0,1.62762022195,0.00822030415125,0.0205507603781,0.19728729963,0.0246609124538,3.18125770654,0.489108097,0.386354295109,0.242498972462,0.0123304562269,0.00822030415125,0,0.135635018496,0.242498972462,0.842581175503,2.83189478011,0.0616522811344,0.332922318126,0.493218249075,20519,3811,24330
KingHenry6_2.txt,kinghenry62,KingHenry6_2_Docuscope_.html,0,0,11.4925986842,1.08963815789,0,0.301535087719,0.561951754386,3.35457785088,0.198739035088,0.298108552632,0,0,0,0.0548245614035,0.0274122807018,0.00685307017544,0.00685307017544,0,0.0274122807018,0.0137061403509,0.651041666667,0.503700657895,0.209018640351,2.29235197368,0.565378289474,1.49054276316,0.00685307017544,0.00685307017544,0.140487938596,0.822368421053,1.69270833333,2.45339912281,1.99081688596,1.06907894737,0.496847587719,4.35855263158,1.19243421053,2.13130482456,0.00685307017544,0,1.88802083333,0.00685307017544,0.0890899122807,0.0822368421053,0.0308388157895,0.695586622807,3.06332236842,0.00685307017544,2.13130482456,0.0719572368421,0.113075657895,0.431743421053,0.332373903509,5.35567434211,0.911458333333,0.356359649123,0.342653508772,2.66241776316,1.20614035088,0.383771929825,1.49739583333,0.561951754386,1.06565241228,0.212445175439,0,0.0102796052632,0.0342653508772,0.209018640351,0.023985745614,2.49109100877,0.106222587719,0.00685307017544,0.572231359649,0,0.287828947368,0.143914473684,2.50479714912,0.106222587719,0.376918859649,0.678453947368,0.0445449561404,0.0308388157895,0.322094298246,0.31524122807,0.890899122807,0.0102796052632,0.294682017544,0.301535087719,0.185032894737,1.17872807018,0.935444078947,0.0719572368421,1.24040570175,0.0102796052632,0.174753289474,0.243283991228,0.188459429825,0.0205592105263,0,2.38829495614,0,0.0788103070175,0.966282894737,2.12445175439,0.109649122807,0.322094298246,1.20956688596,1.06222587719,0.0171326754386,1.58648574561,0.0342653508772,0.0205592105263,0.123355263158,0,0.93201754386,0,0.51055372807,0,0.332373903509,0.0274122807018,0.0376918859649,0,1.42886513158,0,0,0.188459429825,0.0137061403509,3.36828399123,0.380345394737,0.459155701754,0.123355263158,0.0445449561404,0,0,0.185032894737,0.298108552632,0.764117324561,2.98793859649,0.0376918859649,0.291255482456,0.520833333333,24470,4714,29184
KingHenry6_3.txt,kinghenry63,KingHenry6_3_Docuscope_.html,0,0,11.095505618,0.914721982138,0,0.306107749928,0.583405358686,2.93143186402,0.241284932296,0.306107749928,0,0,0.00360126764621,0.0216076058773,0.0144050705848,0,0.00360126764621,0,0,0.0180063382311,0.547392682224,0.406943244022,0.234082397004,2.6109190435,0.644626908672,1.30365888793,0.0288101411697,0.00720253529242,0.126044367617,0.929127052723,1.74661480841,3.26634975511,2.39844425238,0.97954479977,0.554595217517,4.09464131374,1.31446269087,2.07793143186,0.0144050705848,0,1.68539325843,0.0324114088159,0.0936329588015,0.0756266205704,0.0144050705848,0.803082685105,3.25914721982,0.00720253529242,1.6205704408,0.0432152117545,0.0936329588015,0.327715355805,0.302506482282,5.25064822818,1.06237395563,0.270095073466,0.298905214636,2.16436185537,1.31806395851,0.662633246903,1.44050705848,0.525785076347,0.756266205704,0.295303946989,0,0.0324114088159,0.0792278882167,0.198069720542,0.0180063382311,2.50648228176,0.0612215499856,0.0216076058773,0.60861423221,0,0.262892538173,0.144050705848,2.66133679055,0.140449438202,0.334917891098,0.925525785076,0.0576202823394,0.0216076058773,0.378133102852,0.374531835206,0.871506770383,0.00720253529242,0.403341976376,0.252088735235,0.108038029386,1.27124747911,0.918323249784,0.0432152117545,1.10919043503,0,0.226879861711,0.201670988188,0.255690002881,0.0324114088159,0,2.00590607894,0,0.0360126764621,0.727456064535,1.93748199366,0.0252088735235,0.363728032267,1.35407663498,1.11279170268,0.0324114088159,1.98069720542,0.0216076058773,0.0432152117545,0.068424085278,0,1.21722846442,0,0.554595217517,0.0216076058773,0.641025641026,0.0180063382311,0.0360126764621,0.00720253529242,1.86185537309,0,0.0216076058773,0.172860847018,0.00720253529242,3.11509651397,0.26649380582,0.496974935177,0.111639297033,0,0,0,0.234082397004,0.295303946989,0.680639585134,2.98905214636,0.0180063382311,0.302506482282,0.565399020455,23336,4432,27768
KingHenry8.txt,kinghenry8,KingHenry8_Docuscope_.html,0,0,12.0243640272,0.619849516302,0,0.240057327123,0.673593694016,3.4217126478,0.182730204228,0.336796847008,0,0,0.0179147259047,0.0824077391616,0.0107488355428,0.00716589036188,0.0143317807238,0,0.0465782873522,0.0107488355428,1.35793622358,0.659261913293,0.207810820494,2.4435686134,0.824077391616,1.81297026155,0,0,0.272303833751,0.634181297026,2.09602293085,3.01325689717,1.2791114296,0.781082049445,0.49444643497,3.00967395199,1.07488355428,2.0673593694,0.0322465066284,0,1.57291293443,0.0143317807238,0.0107488355428,0.150483697599,0.121820136152,0.913651021139,2.55105696883,0.0143317807238,2.20709423146,0.0465782873522,0.0931565747044,0.605517735579,0.372626298818,5.22751701899,1.07488355428,0.157649587961,0.286635614475,1.92762450735,1.6159082766,0.329630956646,1.17162307417,0.426370476532,0.902902185597,0.308133285561,0,0,0.0537441777141,0.146900752418,0.00716589036188,1.97778573988,0.175564313866,0,1.3149408814,0.0501612325331,0.831243281978,0.132568971695,1.71981368685,0.275886778932,0.365460408456,0.612683625941,0.0286635614475,0.0250806162666,0.465782873522,0.408455750627,0.996058760301,0.00716589036188,0.329630956646,0.401289860265,0.164815478323,1.46900752418,1.33285560731,0.0501612325331,1.128627732,0.0752418487997,0.329630956646,0.300967395199,0.351128627732,0.0107488355428,0.00358294518094,2.03152991759,0.00358294518094,0.111071300609,0.720171981369,3.18523826585,0.0429953421713,0.225725546399,1.36510211394,1.28269437478,0.0143317807238,1.06771766392,0.0107488355428,0.0179147259047,0.204227875314,0,0.80257972053,0,0.333213901827,0,0.512361160874,0.0322465066284,0.0752418487997,0.00716589036188,1.29344321032,0.0214976710856,0,0.179147259047,0.0250806162666,3.08133285561,0.447868147617,0.100322465066,0.0465782873522,0,0.00358294518094,0.00358294518094,0.272303833751,0.26872088857,0.770333213902,2.97742744536,0,0.372626298818,0.695091365102,23405,4505,27910
KingJohn.txt,kingjohn,KingJohn_Docuscope_.html,0,0,10.8938547486,1.04644375886,0,0.275160510298,0.504460935546,3.66463770533,0.275160510298,0.496122738264,0,0.00833819728175,0.0125072959226,0.0583673809722,0.00416909864087,0,0.0125072959226,0,0.0208454932044,0.0291836904861,0.725423163512,0.441924455933,0.346035187193,2.03452013675,0.650379387976,2.00533644626,0.0166763945635,0,0.0583673809722,0.566997415159,1.58425748353,2.75994330026,1.39247894605,1.04227466022,0.608688401568,4.50262653214,1.61761027266,2.25131326607,0,0,1.94279996665,0.033352789127,0.14174935379,0.0708746768949,0.0250145918452,0.754606853998,3.01842741599,0,2.0803802218,0.0458600850496,0.145918452431,0.325189693988,0.275160510298,5.69081964479,1.11314933711,0.396064370883,0.337696989911,2.33886433753,1.42166263654,0.321020595347,1.24656049362,0.487784540982,0.529475527391,0.316851496706,0,0,0.0208454932044,0.175102142917,0.0166763945635,2.16376219461,0.0792128741766,0,1.02142916701,0,0.471108146419,0.104227466022,2.35970983073,0.183440340198,0.183440340198,0.679563078462,0.0375218877679,0.0208454932044,0.516968231468,0.225131326607,0.712915867589,0.0166763945635,0.496122738264,0.337696989911,0.162594846994,1.68848494955,1.22154590178,0.0208454932044,0.988076377887,0,0.208454932044,0.175102142917,0.308513299425,0.0291836904861,0.00833819728175,1.45918452431,0.00416909864087,0.0458600850496,0.958892687401,2.27632785792,0.0208454932044,0.312682398066,1.26323688818,1.21737680314,0.0500291836905,1.42166263654,0,0.0125072959226,0.033352789127,0,1.25072959226,0,0.592012007004,0.0166763945635,0.604519302927,0.0125072959226,0.0541982823314,0,1.37163345285,0,0.00833819728175,0.125072959226,0.0166763945635,3.44367547736,0.491953639623,0.0958892687401,0.245976819812,0.0166763945635,0,0.00416909864087,0.279329608939,0.291836904861,0.679563078462,2.82664887851,0.0166763945635,0.354373384474,0.52530642875,20417,3569,23986
KingLear.txt,kinglear,KingLear_Docuscope_.html,0,0,12.5577010597,0.923216955985,0,0.221051947208,0.572134451596,3.54008191925,0.286067225798,0.334828684741,0,0,0,0.0325076392952,0,0,0.00325076392952,0,0.0227553475067,0.0227553475067,1.08900591639,0.871204733112,0.305571809375,2.47058058644,0.715168064495,1.57011897796,0.0130030557181,0.00650152785905,0.130030557181,0.643651258046,1.89844613484,2.94844288408,1.17027501463,0.949223067421,0.419348546909,3.72862622716,1.62538196476,1.88869384305,0.0325076392952,0,2.86717378584,0.074767570379,0.100773681815,0.074767570379,0.120278265392,1.0564982771,2.41856836357,0.00650152785905,1.92770301021,0.0227553475067,0.0487614589429,0.321825629023,0.312073337234,4.55432026526,1.05974904102,0.321825629023,0.263311878291,3.12073337234,0.968727650998,0.312073337234,1.08250438853,0.412847019049,1.07600286067,0.321825629023,0,0,0.0227553475067,0.191795071842,0.0195045835771,3.00695663481,0.13653208504,0.0130030557181,1.10525973604,0.0325076392952,0.594889799103,0.126779793251,2.90618295299,0.237305766855,0.237305766855,0.640400494116,0.0617645146609,0,0.250308822573,0.377088615825,0.75092646772,0.0260061114362,0.464859241922,0.367336324036,0.0552629868019,1.20928418178,1.11826279176,0.0227553475067,1.00448605422,0.00975229178857,0.286067225798,0.156036668617,0.354333268318,0.0162538196476,0.00650152785905,1.12476431962,0,0.0520122228724,0.880957024901,2.01222287238,0.0162538196476,0.312073337234,1.39457772577,1.60262661726,0.00650152785905,0.848449385606,0.0130030557181,0,0.0780183343086,0,0.932969247773,0.00650152785905,0.503868409076,0,0.601391326962,0.00325076392952,0.0325076392952,0,1.20278265392,0,0.0162538196476,0.143033612899,0.0292568753657,3.49457122424,0.347831740459,0.0812690982381,0.074767570379,0,0.00650152785905,0,0.230804238996,0.253559586503,0.591639035173,2.57785579611,0.0162538196476,0.328327156882,0.536376048371,25302,5460,30762
KingRichard2.txt,kingrichard2,KingRichard2_Docuscope_.html,0,0,10.9471717211,1.45209639117,0,0.404874060809,0.447697278779,3.51150387355,0.272511387083,0.408767080624,0,0,0.00389301981547,0.0116790594464,0.00389301981547,0.00389301981547,0.0350371783392,0,0.00389301981547,0.0272511387083,0.844785299957,0.474948417487,0.151827772803,2.75625802935,0.650134309184,1.81804025382,0.00778603963094,0,0.116790594464,0.53334371472,1.64674738194,2.38642114688,1.1834780239,0.961575894421,0.700743566785,4.39521937167,1.90368668977,2.40199322615,0,0,1.98544010589,0.0233581188928,0.0545022774166,0.101218515202,0.00778603963094,0.743566784755,2.93922996068,0.0155720792619,1.90757970958,0.0272511387083,0.16350683225,0.45548331841,0.354264803208,5.67602289096,1.07836648889,0.190757970958,0.29197648616,2.72900689065,1.28469653911,0.673492428076,1.11729668704,0.408767080624,0.860357379219,0.202437030404,0,0.0233581188928,0.0856464359404,0.225795149297,0.00389301981547,2.19566317593,0.0428232179702,0.00778603963094,0.517771635458,0.00778603963094,0.268618367267,0.066181336863,2.30466773076,0.280297426714,0.241367228559,0.798069062172,0.0622883170475,0.0155720792619,0.311441585238,0.24915326819,0.654027328999,0.0233581188928,0.474948417487,0.381515941916,0.171292871881,1.12897574649,0.961575894421,0.0428232179702,1.10951064741,0.0350371783392,0.311441585238,0.241367228559,0.237474208744,0.0389301981547,0.00778603963094,1.84529139253,0,0.0389301981547,0.926538716082,2.15673297777,0.0895394557558,0.319227624869,1.08615252852,1.31584069763,0.0272511387083,1.35087787597,0.00778603963094,0.0155720792619,0.0583952972321,0,1.19515708335,0.0194650990774,0.482734457118,0.0116790594464,0.677385447892,0.00778603963094,0.0194650990774,0.00778603963094,1.75964495659,0,0,0.128469653911,0.0233581188928,3.56989917079,0.408767080624,0.260832327637,0.0194650990774,0,0,0,0.264725347452,0.260832327637,0.786390002725,2.80686728695,0.0116790594464,0.330906684315,0.420446140071,21814,3873,25687
KingRichard3.txt,kingrichard3,KingRichard3_Docuscope_.html,0,0,11.5147928994,0.920118343195,0,0.257396449704,0.46449704142,3.00887573964,0.230769230769,0.396449704142,0,0,0,0.00887573964497,0.0207100591716,0,0.0177514792899,0,0.0295857988166,0.0266272189349,0.695266272189,0.505917159763,0.337278106509,2.81360946746,0.64201183432,1.44970414201,0.0118343195266,0.0118343195266,0.133136094675,0.751479289941,1.8224852071,2.89644970414,1.58875739645,0.772189349112,0.470414201183,3.28402366864,1.42603550296,1.89644970414,0.00887573964497,0,2.22781065089,0.0295857988166,0.0532544378698,0.0917159763314,0.00887573964497,0.662721893491,2.65384615385,0.00887573964497,1.94970414201,0.0118343195266,0.100591715976,0.381656804734,0.215976331361,5.21893491124,1.19822485207,0.470414201183,0.420118343195,2.70414201183,1.58875739645,0.508875739645,1.07396449704,0.547337278107,1.16863905325,0.295857988166,0,0,0.0325443786982,0.189349112426,0.0118343195266,2.51479289941,0.115384615385,0,1.07692307692,0.0414201183432,0.42899408284,0.0976331360947,2.74556213018,0.233727810651,0.284023668639,0.840236686391,0.0532544378698,0.0236686390533,0.476331360947,0.343195266272,0.860946745562,0.0355029585799,0.437869822485,0.301775147929,0.236686390533,1.0798816568,1.00887573964,0.0473372781065,1.41420118343,0.0207100591716,0.319526627219,0.186390532544,0.207100591716,0.0236686390533,0.0147928994083,1.9349112426,0.00295857988166,0.0650887573964,0.760355029586,2.46449704142,0.0976331360947,0.239644970414,1.2100591716,1.24556213018,0.0207100591716,1.4201183432,0.0325443786982,0.00591715976331,0.0917159763314,0.00295857988166,0.997041420118,0.0118343195266,0.64201183432,0,0.665680473373,0.0118343195266,0.0207100591716,0.00591715976331,1.46153846154,0,0.0177514792899,0.12426035503,0.0295857988166,3.00887573964,0.343195266272,0.340236686391,0.0236686390533,0,0.00295857988166,0,0.207100591716,0.144970414201,0.704142011834,3.00591715976,0.0236686390533,0.316568047337,0.585798816568,28293,5507,33800
LovesLaboursLost.txt,loveslabourslost,LovesLaboursLost_Docuscope_.html,0,0,12.8959365709,1.36769078295,0,0.519326065411,0.891972249752,3.47274529237,0.348860257681,0.412289395441,0,0,0.0317145688801,0.0356788899901,0.00396432111001,0,0.00396432111001,0,0.0356788899901,0.01982160555,1.11793855302,0.654112983152,0.14667988107,2.08919722498,0.574826560951,1.74826560951,0,0.01982160555,0.19028741328,0.828543111992,1.37165510406,2.84241823588,1.04261645193,0.888007928642,0.444003964321,4.53914767096,1.83944499504,1.74826560951,0.01585728444,0,1.79187314172,0.0237859266601,0.0475718533201,0.0713577799802,0.0277502477701,0.891972249752,2.2556987116,0,2.64420218038,0.0356788899901,0.17046580773,0.428146679881,0.562933597621,5.23686818632,0.999008919722,0.11496531219,0.12685827552,2.04955401388,1.7443012884,0.214073339941,0.852329038652,0.677898909812,0.666005946482,0.400396432111,0,0.01189296333,0.11100099108,0.237859266601,0.0356788899901,2.59663032706,0.17046580773,0,0.947472745292,0.0673934588702,0.555004955401,0.0951437066402,1.982160555,0.18235877106,0.1982160555,0.963330029732,0.0753221010902,0.00396432111001,0.515361744301,0.269573835481,0.907829534192,0.01982160555,0.329038652131,0.400396432111,0.15064420218,1.00297324083,1.31219028741,0.0237859266601,0.888007928642,0,0.222001982161,0.16253716551,0.229930624381,0.0317145688801,0.01982160555,1.26065411298,0.00792864222002,0.0515361744301,0.725470763132,2.61645193261,0.0436075322101,0.241823587711,0.979187314172,1.45490584737,0.00792864222002,1.70069375619,0,0.00396432111001,0.0872150644202,0.01189296333,0.812685827552,0,0.277502477701,0.00792864222002,0.539147670961,0.01585728444,0.0594648166501,0,1.38354806739,0,0,0.17046580773,0.01982160555,3.06045589693,0.333002973241,0.01189296333,0.0317145688801,0,0.00396432111001,0.01189296333,0.17839444995,0.321110009911,0.642220019822,3.31813676908,0.0396432111001,0.261645193261,0.412289395441,20650,4575,25225
Macbeth.txt,macbeth,Macbeth_Docuscope_.html,0,0,11.1770373751,1.49094781683,0,0.25863380496,0.471626350221,3.77301080176,0.263705056037,0.309346315736,0,0,0.00507125107764,0.0253562553882,0,0.00507125107764,0.0101425021553,0,0.0507125107764,0.0202850043106,1.17145899894,0.664333891171,0.17242253664,1.89664790304,0.760687661646,1.73436786855,0.0405700086211,0.0101425021553,0.299203813581,0.517267609919,1.71915411532,2.07414169076,0.892540189665,1.38952279527,0.53755261423,4.0823571175,1.59744408946,2.4494142705,0,0,2.4494142705,0.055783761854,0.0253562553882,0.0811400172423,0.162280034485,0.79618641919,2.72326182869,0,2.23642172524,0.0253562553882,0.157208783407,0.410771337289,0.27891880927,4.95461230286,1.20695775648,0.299203813581,0.547695116385,2.52041178559,1.18667275217,0.273847558193,1.21710025863,0.410771337289,0.628835133627,0.370201328668,0,0,0.0608550129317,0.223135047416,0.00507125107764,2.79933059486,0.126781276941,0,0.801257670267,0.0862112683199,0.385415081901,0.263705056037,1.95750291597,0.329631320047,0.349916324357,0.725188904103,0.0304275064658,0.0101425021553,0.405700086211,0.34484507328,1.01932146661,0.0659262640093,0.238348800649,0.360058826513,0.131852528019,1.19681525432,1.35402403773,0,0.90268269182,0,0.420913839444,0.238348800649,0.466555099143,0.00507125107764,0.00507125107764,1.02946396876,0,0.0456412596988,0.786043917034,2.04371418429,0.0304275064658,0.385415081901,1.21710025863,1.3388102845,0.0253562553882,1.11567523708,0.0253562553882,0.00507125107764,0.121710025863,0,1.47066281252,0,0.476697601298,0,0.431056341599,0.0202850043106,0.0253562553882,0,1.56194533191,0.0101425021553,0,0.136923779096,0.0405700086211,3.28617069831,0.522338860997,0.00507125107764,0.0152137532329,0,0,0,0.233277549571,0.395557584056,0.684618895482,3.25067194077,0.0253562553882,0.339773822202,0.699832648714,16522,3197,19719
MeasureForMeasure.txt,measureformeasure,MeasureForMeasure_Docuscope_.html,0,0,11.1718323054,0.831446639082,0,0.296666406433,0.753376532126,3.58341790928,0.261534858303,0.370833008041,0,0,0,0.0429385588258,0,0.0039035053478,0.0078070106956,0,0.039035053478,0.0234210320868,1.40526192521,0.722148489343,0.210789288781,2.08447185573,0.901709735342,1.84245452416,0.0078070106956,0.0156140213912,0.242017331564,0.792411585604,2.08056835038,2.82613787181,1.35841986104,0.620657350301,0.472324147084,2.18596299477,0.889999219299,1.83464751347,0.0156140213912,0,2.08056835038,0.0273245374346,0.0546490748692,0.117105160434,0.109298149738,1.00710437973,2.40846279959,0,2.04543680225,0.058552580217,0.136622687173,0.257631352955,0.359122491998,5.04723241471,1.03052541182,0.152236708564,0.226403310173,2.23280505894,1.47942852682,0.140526192521,1.23741119525,0.444999609649,0.866578187212,0.402061050824,0,0.0117105160434,0.0663595909126,0.187368256695,0.0429385588258,2.80662034507,0.152236708564,0.0078070106956,1.68631431025,0.0858771176517,0.858771176517,0.16004371926,2.42407682099,0.163947224608,0.351315481302,0.827543133734,0.0702630962604,0.0156140213912,0.327894449215,0.218596299477,0.850964165821,0.0117105160434,0.343508470607,0.558201264736,0.171754235303,1.22179717386,1.38574439847,0.0429385588258,1.05394644391,0.0234210320868,0.394254040128,0.206885783434,0.374736513389,0.0312280427824,0.0117105160434,1.45991100008,0,0.0546490748692,1.10078850808,2.63096260442,0.0897806229995,0.468420641736,1.6824108049,1.46381450543,0,1.39745491451,0.0312280427824,0.0429385588258,0.183464751347,0,0.788508080256,0,0.429385588258,0,0.484034663127,0.0351315481302,0.0546490748692,0.0078070106956,1.58091966586,0.0078070106956,0.0117105160434,0.156140213912,0.039035053478,3.45069872746,0.394254040128,0.039035053478,0.0117105160434,0,0.0117105160434,0,0.273245374346,0.210789288781,0.589429307518,2.85736591459,0.0234210320868,0.281052385042,0.690920446561,21349,4269,25618
MerchantOfVenice.txt,merchantofvenice,MerchantOfVenice_Docuscope_.html,0,0,10.8811641067,0.90541632983,0,0.181891673403,0.69523039612,3.63379143088,0.177849636217,0.472918350849,0,0,0,0.0323362974939,0,0,0.0121261115602,0,0.105092966855,0.0363783346807,1.07113985449,1.01050929669,0.35974130962,3.10428455942,0.89329021827,1.89975747777,0,0.0242522231205,0.169765561843,0.808407437348,1.57639450283,2.77687954729,1.2813257882,0.699272433306,0.582053354891,3.86822958771,1.35812449475,2.03314470493,0.0121261115602,0,1.81083265966,0,0.0646725949879,0.0565885206144,0.00808407437348,1.07922392886,2.50606305578,0.016168148747,2.23120452708,0.0404203718674,0.117219078416,0.315278900566,0.569927243331,5.11721907842,0.986257073565,0.18593371059,0.189975747777,1.90379951496,1.49959579628,0.218270008084,1.2206952304,0.541632983023,0.662894098626,0.278900565885,0,0.0121261115602,0.137429264349,0.218270008084,0.00808407437348,2.19886822959,0.121261115602,0,1.31366208569,0.0646725949879,0.763945028294,0.19805982215,2.12206952304,0.274858528698,0.311236863379,0.921584478577,0.0485044462409,0.0606305578011,0.590137429264,0.242522231205,0.711398544867,0.0242522231205,0.517380759903,0.452708164915,0.121261115602,1.07518189167,1.16410670978,0.00808407437348,1.1883589329,0.016168148747,0.408245755861,0.169765561843,0.299110751819,0.0242522231205,0.016168148747,1.13985448666,0.00808407437348,0.0848827809216,0.70735650768,2.32821341956,0.0485044462409,0.303152789006,1.69765561843,1.62085691188,0.00808407437348,1.47130153597,0.0121261115602,0.00808407437348,0.149555375909,0,0.565885206144,0.0121261115602,0.274858528698,0,0.646725949879,0.00808407437348,0.0889248181083,0,1.26515763945,0,0.0121261115602,0.113177041229,0.0202101859337,3.7793047696,0.375909458367,0.113177041229,0.0323362974939,0,0.00404203718674,0,0.234438156831,0.234438156831,0.687146321746,2.82942603072,0.0727566693614,0.436540016168,0.517380759903,20950,3790,24740
MerryWivesOfWindsor.txt,merrywivesofwindsor,MerryWivesOfWindsor_Docuscope_.html,0,0,12.7160066197,1.39706731324,0,0.292498941616,1.01989762537,3.0866335681,0.254012238772,0.404110379864,0,0,0,0.0808220759728,0,0.00384867028442,0.00769734056883,0,0.0500327136974,0,1.33163991841,1.00065427395,0.404110379864,2.97887080014,0.823615440865,1.5818034869,0.00769734056883,0.00769734056883,0.257860909056,1.35088326983,2.0244005696,3.94488704153,1.51637609206,0.773582727168,0.419505061001,4.39903013509,1.13150906362,2.13601200785,0.0538813839818,0,3.34834314744,0.0384867028442,0.0538813839818,0.0731247354039,0.119308778817,0.569603202094,2.27841280837,0.0115460108533,1.73575029827,0.00384867028442,0.0577300542663,0.288650271331,0.538813839818,4.61070700073,0.715852672902,0.188584843936,0.230920217065,1.77038833083,1.6549282223,0.092368086826,1.27006119386,0.839010122003,0.754339375746,0.361775006735,0,0.0115460108533,0.0384867028442,0.254012238772,0.0423353731286,2.97117345957,0.127006119386,0,1.53561944348,0.0500327136974,0.635030596929,0.169341492514,2.04749259131,0.103914097679,0.134703459955,0.511873147827,0.107762767964,0.0346380325598,0.319439633607,0.215525535927,0.646576607782,0.0153946811377,0.49647846669,0.477235115268,0.092368086826,0.885194165416,1.0122002848,0.00769734056883,1.50098141092,0.0384867028442,0.288650271331,0.138552130239,0.300196282185,0.0230920217065,0,0.685063310626,0.00384867028442,0.0346380325598,0.623484586076,1.57795481661,0.0577300542663,0.234768887349,1.43940268637,1.15844975561,0.0115460108533,0.950621560251,0,0.0346380325598,0.177038833083,0,0.538813839818,0,0.327136974175,0.0115460108533,0.327136974175,0.0307893622753,0.0307893622753,0.0153946811377,1.08532502021,0.00769734056883,0.0346380325598,0.123157449101,0.0192433514221,2.94423276758,0.419505061001,0.0962167571104,0.0153946811377,0,0.00384867028442,0,0.20013085479,0.288650271331,0.423353731286,2.62094446369,0.0192433514221,0.327136974175,0.804372089443,21073,4910,25983
MidsummerNightsDream.txt,midsummernightsdream,MidsummerNightsDream_Docuscope_.html,0,0,12.2742751006,1.21762460014,0,0.273449592405,0.510783200908,2.87380043339,0.196058198328,0.268290166134,0,0.0051594262718,0.0206377050872,0.0206377050872,0,0,0,0,0.0103188525436,0.0103188525436,0.794551645857,0.6036528738,0.252811887318,2.52295944691,0.959653286555,1.60458157053,0.0103188525436,0,0.0825508203488,0.675884841606,1.46527706119,1.80579919513,1.7748426375,1.12991435352,0.438551233103,5.39160045403,2.39397379011,2.27014755959,0.0309565576308,0,2.52811887318,0.025797131359,0.103188525436,0.14446393561,0.0103188525436,0.887421318749,2.74997420287,0.0103188525436,2.1411619028,0.0464348364462,0.139304509339,0.464348364462,0.417913528016,5.11299143535,0.871943039934,0.211536477144,0.345681560211,2.06892993499,1.43432050356,0.206377050872,0.969972139098,0.552058611082,0.650087710247,0.227014755959,0,0,0.0309565576308,0.247652461046,0,2.22371272315,0.118666804251,0,0.939015581467,0.0309565576308,0.577855742441,0.134145083067,2.30110411722,0.232174182231,0.31472500258,1.006088123,0.0464348364462,0,0.371478691569,0.268290166134,0.454029511918,0.0154782788154,0.423072954287,0.361159839026,0.0980290991642,1.31565369931,1.56330616035,0.0103188525436,1.01124754927,0,0.381797544113,0.165101640698,0.392116396657,0.0567536889898,0.0154782788154,0.634609431431,0,0.0722319678052,0.484986069549,1.79548034259,0.0877102466206,0.356000412754,1.32081312558,1.63037870189,0.0103188525436,2.06377050872,0,0.0412754101744,0.0412754101744,0,0.815189350944,0.0154782788154,0.469507790734,0,0.768754514498,0,0.0619131152616,0,1.03188525436,0,0.0412754101744,0.0722319678052,0.0103188525436,3.44649674956,0.319884428852,0.108347951708,0.0103188525436,0,0,0,0.175420493241,0.309565576308,0.810029924672,2.8531627283,0.0103188525436,0.304406150036,0.510783200908,16043,3339,19382
MuchAdoAboutNothing.txt,muchadoaboutnothing,MuchAdoAboutNothing_Docuscope_.html,0,0,10.9123075067,0.60311205822,0,0.373929476097,0.631257287604,3.25278436734,0.116601664589,0.458365164248,0,0,0.0040207470548,0.0723734469865,0,0,0,0,0.0562904587672,0.0281452293836,1.13385066945,0.751879699248,0.414136946645,2.71400426199,0.808170158015,2.09480921555,0.0160829882192,0,0.289493787946,1.27055606932,2.13903743316,3.26082586145,1.5479876161,0.683526999316,0.438261428974,2.84266816775,1.03333199308,1.69273451007,0.0442282176028,0,2.10687145672,0.0361867234932,0.0442282176028,0.168871376302,0.0241244823288,0.796107916851,2.44059346227,0.00804149410961,2.05862249206,0.0321659764384,0.241244823288,0.361867234932,0.373929476097,4.65602508946,0.92075107555,0.152788388083,0.136705399863,2.04656025089,1.53190462788,0.357846487877,1.00116601665,0.804149410961,0.952917051988,0.257327811507,0,0.0120622411644,0.104539423425,0.180933617466,0.0281452293836,2.48482167987,0.152788388083,0,1.45148968678,0.0804149410961,0.707651481645,0.221141088014,2.22749386836,0.20907884685,0.478468899522,0.61115355233,0.0241244823288,0.0482489646576,0.583008322946,0.241244823288,0.880543605002,0.0281452293836,0.526717864179,0.514655623015,0.184954364521,1.02529049897,1.39117848096,0.0281452293836,1.38715773391,0.0522697117124,0.333722005549,0.160829882192,0.333722005549,0.020103735274,0.00804149410961,1.06549796952,0,0.00804149410961,0.735796711029,2.25563909774,0.0442282176028,0.253307064453,1.69675525713,1.72892123357,0.0241244823288,1.66458928069,0.0120622411644,0,0.160829882192,0,0.514655623015,0.0120622411644,0.446302923083,0.0120622411644,0.780024928632,0.00804149410961,0.0562904587672,0,1.467572675,0.00804149410961,0.00804149410961,0.104539423425,0.040207470548,3.17236942624,0.522697117124,0.0442282176028,0.0120622411644,0,0,0,0.144746893973,0.269390052672,0.699609987536,2.98339431466,0.020103735274,0.365887981987,0.739817458084,20815,4056,24871
Othello.txt,othello,Othello_Docuscope_.html,0,0,12.7696535169,0.694861185686,0,0.173715296421,0.74223808471,3.51852436752,0.195824515966,0.404282871672,0,0,0,0.0789614983734,0.00315845993494,0.00631691986987,0.00315845993494,0,0.0442184390891,0.0221092195446,1.64871608604,0.871734942042,0.394807491867,2.69732478444,0.770664224124,2.04036511797,0,0.0126338397397,0.214775275576,0.862259562237,2.14459429582,1.79716370298,1.67398376552,0.849625722498,0.508512049525,3.01632923786,1.20653169515,1.80348062285,0.0442184390891,0,1.91718518051,0.0252676794795,0.0315845993494,0.151606076877,0.157922996747,0.751713464515,2.60888790626,0.00631691986987,1.93929440005,0.0252676794795,0.161081456682,0.306370613689,0.23056757525,4.46290388806,1.03913331859,0.300053693819,0.240042955055,2.57098638704,1.37708853163,0.265310634535,1.06755945801,0.454818230631,1.03281639872,0.281102934209,0,0.0157922996747,0.0758030384385,0.227409115315,0.0126338397397,3.31954139162,0.186349136161,0,1.34234547235,0.0379015192192,0.543255108809,0.198982975901,2.00246359875,0.0884368781782,0.217933735511,0.622216607182,0.0536938188939,0.0347430592843,0.394807491867,0.296895233884,0.814882663213,0,0.391649031932,0.461135150501,0.23688449512,1.2570670541,1.15915479612,0.0189507596096,1.23811629449,0.0410599791542,0.391649031932,0.195824515966,0.445342850826,0.0157922996747,0.00631691986987,1.01386563911,0.00947537980481,0.0410599791542,0.881210321847,2.40042955055,0.0694861185686,0.353747512713,1.52869460851,1.67714222545,0.0189507596096,1.12441173684,0.0221092195446,0.00947537980481,0.0821199583083,0,0.489561289915,0,0.360064432583,0,0.631691986987,0.00631691986987,0.0315845993494,0,1.5097438489,0.0347430592843,0.00631691986987,0.129496857332,0.0315845993494,3.23110451344,0.495878209785,0.0631691986987,0.00947537980481,0,0.00315845993494,0.00947537980481,0.227409115315,0.186349136161,0.517987429329,2.84261394144,0.00947537980481,0.300053693819,0.675910426076,26046,5615,31661
RomeoAndJuliet.txt,romeoandjuliet,RomeoAndJuliet_Docuscope_.html,0,0,12.9567307692,0.916895604396,0,0.309065934066,0.549450549451,3.12156593407,0.32967032967,0.43956043956,0,0,0,0.0480769230769,0.00686813186813,0,0.0103021978022,0,0.0618131868132,0.0206043956044,0.989010989011,0.546016483516,0.212912087912,2.64423076923,0.758928571429,1.40453296703,0.00686813186813,0.00686813186813,0.130494505495,0.923763736264,1.61401098901,2.54464285714,1.66208791209,1.15384615385,0.542582417582,4.25137362637,1.90247252747,2.34203296703,0.0171703296703,0,2.4896978022,0.0412087912088,0.0652472527473,0.0171703296703,0.0137362637363,0.855082417582,2.46909340659,0.0171703296703,1.88186813187,0.0240384615385,0.140796703297,0.343406593407,0.343406593407,4.80769230769,1.16414835165,0.171703296703,0.254120879121,2.91895604396,1.52815934066,0.552884615385,1.17788461538,0.504807692308,0.546016483516,0.254120879121,0,0,0.0377747252747,0.223214285714,0.00686813186813,2.64766483516,0.113324175824,0,0.82760989011,0,0.367445054945,0.137362637363,2.64766483516,0.250686813187,0.260989010989,1.12980769231,0.0549450549451,0.12706043956,0.549450549451,0.192307692308,0.769230769231,0,0.322802197802,0.267857142857,0.0721153846154,1.33585164835,0.803571428571,0.0137362637363,1.04052197802,0.0240384615385,0.267857142857,0.243818681319,0.285027472527,0.0137362637363,0.0206043956044,0.82760989011,0.00686813186813,0.0549450549451,0.645604395604,1.66552197802,0.0789835164835,0.236950549451,1.11950549451,1.47664835165,0.0103021978022,1.4217032967,0.0171703296703,0.0377747252747,0.0789835164835,0.00343406593407,0.625,0,0.467032967033,0.0103021978022,0.714285714286,0.00686813186813,0.0446428571429,0,1.35989010989,0.0137362637363,0.0274725274725,0.106456043956,0.0103021978022,3.31730769231,0.271291208791,0.12706043956,0.00343406593407,0,0.00343406593407,0,0.20260989011,0.192307692308,0.625,3.22802197802,0.0412087912088,0.236950549451,0.621565934066,23944,5176,29120
TamingOfTheShrew.txt,tamingoftheshrew,TamingOfTheShrew_Docuscope_.html,0,0,12.5685905395,1.57808306965,0,0.328433532263,0.512676733288,2.6835422758,0.152200905195,0.484639724436,0,0.00400528697881,0,0.00801057395762,0.00400528697881,0,0.00801057395762,0,0.0400528697881,0.0120158609364,0.981295309809,0.87715784836,0.296391236432,3.06404453879,0.821083830656,1.54604077382,0,0,0.172227340089,1.05739576241,1.83842672327,3.50863139344,1.3417711379,0.913205431169,0.456602715585,3.65282172468,1.40185044258,1.98662234149,0.00801057395762,0,2.09476508992,0.0360475828093,0.064084591661,0.128169183322,0.0320422958305,0.80906796972,2.85176432891,0,1.6822205311,0.0440581567669,0.116153322386,0.476629150479,0.376496976008,4.1975407538,0.793046821805,0.16822205311,0.128169183322,1.92253774983,1.80237914047,0.140185044258,1.27768654624,0.652861777546,0.769015099932,0.33644410622,0,0,0.0400528697881,0.208274922898,0.0440581567669,3.19221372211,0.248327792686,0,1.33776585092,0.0440581567669,0.74097809108,0.224296070813,2.64749469299,0.13617975728,0.232306644771,0.77702567389,0.0360475828093,0.064084591661,0.448592141627,0.232306644771,0.704930508271,0.00801057395762,0.436576280691,0.388512836945,0.0560740177034,1.08943805824,1.06140104939,0.00801057395762,1.08142748428,0.0240317218729,0.204269635919,0.160211479152,0.276364801538,0.00400528697881,0.0120158609364,0.953258300957,0,0.0240317218729,0.500660872352,1.78635799255,0.0320422958305,0.30440181039,1.33776585092,1.50198261705,0,1.90251131494,0.0280370088517,0.0360475828093,0.120158609364,0,0.656867064525,0.0160211479152,0.26835422758,0.0240317218729,0.644851203589,0.0280370088517,0.0520687307246,0.0320422958305,1.2095966676,0,0.0360475828093,0.184243201025,0.0360475828093,3.11210798254,0.376496976008,0.152200905195,0.00801057395762,0,0.0120158609364,0,0.196259061962,0.324428245284,0.70893579525,3.01598109505,0.0400528697881,0.252333079665,0.70893579525,20395,4572,24967
Tempest.txt,tempest,Tempest_Docuscope_.html,0,0,12.7656306006,1.05996210763,0,0.296994213733,0.455732500384,3.15428337344,0.250908904706,0.266270674382,0,0,0,0.0768088483793,0,0.00512058989196,0.0153617696759,0,0.0819294382713,0.00512058989196,1.05996210763,0.696400225306,0.163858876543,3.09795688463,0.609350197143,1.95094474884,0.0102411797839,0,0.102411797839,0.501817809412,1.50545342823,2.16088893441,0.901223820984,1.37743868094,0.384044241897,4.42418966665,1.83829177121,2.56029494598,0.0204823595678,0,2.33498899073,0.0563264888115,0.102411797839,0.0460853090276,0.163858876543,0.91658559066,2.7343950023,0.00512058989196,2.00727123765,0,0.168979466435,0.358441292437,0.317476573301,4.95161042552,0.952429719904,0.18434123611,0.250908904706,2.44252137846,1.32623278202,0.312355983409,1.09580623688,0.450611910492,0.578626657791,0.440370730708,0,0,0.0307235393517,0.245788314814,0.0153617696759,2.26842132214,0.0870500281632,0,0.778329663577,0.0409647191356,0.440370730708,0.0972912079472,2.77535972144,0.368682472221,0.250908904706,0.788570843361,0.0716882584874,0.0358441292437,0.430129550924,0.28675303395,0.978032669364,0.0102411797839,0.41988837114,0.322597163193,0.0665676685954,1.58226227661,1.28526806288,0.00512058989196,1.12140918634,0,0.378923652005,0.153617696759,0.296994213733,0.0153617696759,0.0153617696759,1.10092682677,0,0.0768088483793,0.65543550617,1.83829177121,0.0665676685954,0.266270674382,1.39280045061,1.2750268831,0,1.21870039429,0.0204823595678,0.00512058989196,0.0665676685954,0,0.870500281632,0,0.276511854166,0,0.450611910492,0.0204823595678,0.0921706180552,0,1.13677095601,0.0204823595678,0.0256029494598,0.122894157407,0.0153617696759,3.23109222182,0.404526601464,0.266270674382,0.00512058989196,0,0,0,0.368682472221,0.296994213733,0.73224435455,2.93409800809,0.0460853090276,0.348200112653,0.691279635414,16117,3412,19529
TimonOfAthens.txt,timonofathens,TimonOfAthens_Docuscope_.html,0,0,12.0941482929,1.20476323379,0,0.18606381989,0.534933482184,3.71662480231,0.316308493813,0.279095729835,0.00930319099451,0,0,0.0232579774863,0.00930319099451,0,0.00930319099451,0,0.018606381989,0.0418643594753,1.20476323379,0.739603684064,0.195367010885,2.41882965857,0.800074425528,1.76295469346,0.018606381989,0.0279095729835,0.209321797377,0.655874965113,2.02344404131,1.89319936738,0.683784538097,0.953577076937,0.493069122709,3.59103172388,1.20941482929,1.67457437901,0.0139547864918,0,2.50720997302,0.0325611684808,0.0790771234533,0.0930319099451,0.176760628896,1.02800260489,2.49325518653,0.00930319099451,1.96762489534,0.0744255279561,0.0976835054424,0.469811145223,0.400037212764,4.60042794679,1.03730579589,0.28839892083,0.209321797377,2.96771792725,1.51176853661,0.241882965857,1.0233510094,0.358172853289,1.05591217788,0.223276583868,0.0139547864918,0,0.018606381989,0.302353707322,0.0279095729835,2.91655037678,0.144199460415,0,1.10707972835,0.00930319099451,0.427946785748,0.125593078426,3.29332961206,0.200018606382,0.255837752349,0.618662201135,0.037212763978,0.00930319099451,0.358172853289,0.260489347846,0.837287189506,0.0418643594753,0.204670201879,0.334914875802,0.0837287189506,1.1908084473,1.14894408782,0.00930319099451,0.76286166155,0,0.311656898316,0.176760628896,0.3395664713,0.0279095729835,0.0139547864918,1.57223927807,0,0.0325611684808,0.804726021025,2.60954507396,0.0418643594753,0.316308493813,1.33500790771,1.6885291655,0,1.11638291934,0.00930319099451,0.0139547864918,0.13489626942,0,0.962880267932,0.00930319099451,0.390734021769,0.0139547864918,0.781468043539,0.037212763978,0.0279095729835,0,1.12103451484,0.0325611684808,0.0139547864918,0.0651223369616,0,3.5631221509,0.334914875802,0.483765931715,0.00465159549726,0,0.00465159549726,0.018606381989,0.311656898316,0.241882965857,0.488417527212,2.91655037678,0.0139547864918,0.330263280305,0.586101032654,17844,3654,21498
TitusAndronicus.txt,titusandronicus,TitusAndronicus_Docuscope_.html,0,0,11.600220311,1.27102486972,0,0.283862220904,0.499936448757,2.99961869254,0.220310977418,0.279625471338,0,0,0.00847349913147,0.0720247426175,0,0,0.0127102486972,0,0.0932084904461,0.00847349913147,0.639749184426,0.499936448757,0.22878447655,2.49968224378,0.57619794094,1.61420158454,0.0338939965259,0.0169469982629,0.211837478287,0.66516968182,1.90230055501,2.94877769775,1.54641359149,1.09731813752,0.444858704402,4.25793331356,1.6692793289,2.05482353938,0,0,2.59289073423,0.0211837478287,0.105918739143,0.0762614921832,0.00847349913147,0.63551243486,3.34279540736,0,1.91077405415,0.0211837478287,0.0508409947888,0.398254459179,0.25844172351,5.10951997627,1.16086938101,0.283862220904,0.237257975681,2.63525822989,1.37694360886,0.771088420963,1.00410964708,0.601618438334,0.843113163581,0.249968224378,0,0,0.0932084904461,0.355886963522,0.0127102486972,2.40647375334,0.156759733932,0,0.792272168792,0.0211837478287,0.394017709613,0.156759733932,2.89793670296,0.0720247426175,0.360123713087,0.597381688768,0.00847349913147,0.00423674956573,0.389780960047,0.34741346439,0.728720925306,0,0.360123713087,0.351650213956,0.127102486972,1.4955725967,0.965978900987,0.0127102486972,0.898190907935,0.0254204973944,0.207600728721,0.127102486972,0.203363979155,0.00847349913147,0,1.40660085582,0.00423674956573,0.0254204973944,0.720247426175,2.15650552896,0.0974452400119,0.266915222641,1.35152311147,1.12273863492,0.0254204973944,1.47438884888,0.0127102486972,0.00423674956573,0.0847349913147,0,1.07189764013,0,0.610091937466,0,0.571961191374,0.0508409947888,0.063551243486,0,1.14392238275,0,0.0338939965259,0.148286234801,0.0466042452231,3.4995551413,0.440621954836,0.351650213956,0,0,0.00423674956573,0,0.203363979155,0.326229716561,0.521120196585,2.80896496208,0.0127102486972,0.283862220904,0.521120196585,19769,3834,23603
TroilusAndCressida.txt,troilusandcressida,TroilusAndCressida_Docuscope_.html,0,0,12.771905022,1.52620248691,0,0.257044629374,0.642611573434,3.63396844777,0.427336696334,0.446615043537,0,0,0.0128522314687,0.019278347203,0,0.00321305786717,0.00642611573434,0,0.019278347203,0.00963917360152,1.14384860071,0.584776531825,0.292388265913,1.82501686855,0.665102978505,2.02743951419,0.019278347203,0.00642611573434,0.334158018186,1.03460463323,1.95996529898,1.94390000964,1.65472480159,1.06352215403,0.404845291264,4.06130514411,1.62259422292,1.96960447258,0.0321305786717,0,2.13668348167,0.0546219837419,0.0289175208045,0.0321305786717,0.0385566944061,0.963917360152,2.64113356682,0,2.27163191209,0.0481958680076,0.0899656202808,0.459467275006,0.263470745108,5.13446647174,0.944639012949,0.234553224304,0.269896860842,2.64434662468,1.2723709154,0.163865951226,1.25630562606,0.46589339074,1.01853934389,0.292388265913,0,0.00963917360152,0.0899656202808,0.302027439514,0.00963917360152,2.95280017993,0.154226777624,0,0.918934550011,0.0385566944061,0.543006779552,0.106030909617,1.99209587765,0.144587604023,0.157439835491,0.539793721685,0.019278347203,0.0128522314687,0.404845291264,0.14780066189,0.677955209973,0.019278347203,0.29560132378,0.343797191787,0.141374546156,1.07958744337,1.16312694792,0.00321305786717,0.883590913472,0,0.224914050702,0.179931240562,0.353436365389,0.0160652893359,0.00642611573434,1.04424380683,0,0.019278347203,0.700446615044,2.5543810044,0.0321305786717,0.302027439514,1.2434533946,1.4972849661,0,0.979982649488,0.0160652893359,0.0160652893359,0.0449828101404,0,1.05388298043,0.019278347203,0.417697522732,0.00321305786717,0.462680332873,0.019278347203,0.0289175208045,0.00642611573434,1.41695851942,0,0.0160652893359,0.112457025351,0.0128522314687,3.13273142049,0.498023969412,0.109243967484,0.0417697522732,0,0.00321305786717,0,0.163865951226,0.453041159271,0.555859011021,2.82427786524,0.0160652893359,0.228127108569,0.873951739871,25590,5533,31123
TwelfthNight.txt,twelfthnight,TwelfthNight_Docuscope_.html,0,0,12.0147170769,1.036116045,0,0.236826524571,0.710479573712,2.85460543009,0.190307028673,0.355239786856,0,0,0.0126871352449,0.0211452254081,0,0.00422904508162,0.00422904508162,0,0.0845809016324,0.0296033155713,1.14607121712,0.909244692548,0.477882094223,3.08720290958,0.655501987651,1.74659561871,0,0.0169161803265,0.274887930305,0.883870422059,1.8184893851,3.16755476613,1.24756829908,0.778144295018,0.376385012264,3.13372240548,1.28562970481,1.76774084412,0.0761228114692,0,2.45707519242,0.0211452254081,0.0930389917957,0.0930389917957,0.257971749979,0.896557557304,2.22870675801,0,1.89884124165,0.033832360653,0.169161803265,0.296033155713,0.384843102427,4.82956948321,0.917702782712,0.279116975387,0.190307028673,2.48667850799,1.45902055316,0.18184893851,0.981138458936,0.659731032733,0.744311934365,0.266429840142,0,0.0253742704897,0.0465194958978,0.317178381122,0.0465194958978,3.07451577434,0.228368434408,0,1.57743381544,0.0422904508162,0.676647213059,0.270658885224,2.6008627252,0.105726127041,0.249513659816,0.676647213059,0.0592066311427,0.00845809016324,0.397530237672,0.211452254081,0.75699906961,0.0169161803265,0.405988327836,0.401759282754,0.15647466802,1.09109363106,1.21373593843,0.00845809016324,1.27717161465,0.0126871352449,0.329865516366,0.169161803265,0.367926922101,0.00422904508162,0,0.998054639262,0.00422904508162,0.033832360653,0.672418167978,2.24985198342,0.0845809016324,0.372155967183,1.72967943838,1.56897572528,0.0211452254081,1.45479150808,0.0253742704897,0.00422904508162,0.0634356762243,0,0.397530237672,0.0296033155713,0.435591643407,0,0.697792438467,0.00845809016324,0.0380614057346,0,1.47593673349,0,0,0.109955172122,0.0253742704897,2.9687896473,0.325636471285,0.00422904508162,0.00422904508162,0,0,0,0.308720290958,0.334094561448,0.583608221264,2.75310834813,0.0169161803265,0.342552651611,0.799289520426,19487,4159,23646
TwoGentlemenOfVerona.txt,twogentlemenofverona,TwoGentlemenOfVerona_Docuscope_.html,0,0,10.8825839387,0.63813076772,0,0.358334969566,0.701943844492,2.8568623601,0.402513253485,0.51541331239,0,0,0,0.112900058904,0,0,0.00490869821323,0,0.0392695857059,0.00490869821323,1.02100922835,0.780483015904,0.294521892794,3.25446691537,0.711761240919,1.61987041037,0.0196347928529,0.00981739642647,0.34851757314,1.09954839976,2.25800117809,2.70960141371,1.04555271942,0.701943844492,0.608678578441,3.00903200471,1.2222658551,1.84076182996,0.0147260946397,0,1.84076182996,0.00981739642647,0.0736304731985,0.0687217749853,0.0294521892794,0.883565678382,1.88003141567,0,1.35480070685,0.0343608874926,0.201256626743,0.343608874926,0.294521892794,4.72216768113,1.11918319262,0.196347928529,0.240526212448,2.14019242097,1.95857058708,0.431965442765,1.15845277832,0.564500294522,0.618495974867,0.363243667779,0.0245434910662,0.0147260946397,0.063813076772,0.294521892794,0,3.38700176713,0.142352248184,0.0196347928529,1.36461810328,0.0196347928529,0.633222069507,0.235617514235,2.81268407618,0.220891419596,0.176713135676,0.608678578441,0.0343608874926,0.0147260946397,0.456508933831,0.265069703515,0.898291773022,0.00981739642647,0.510504614176,0.417239348125,0.15216964461,1.11918319262,0.957196151581,0.0539956803456,1.50697035146,0.0147260946397,0.373061064206,0.31906538386,0.260161005301,0.0196347928529,0.00490869821323,0.937561358728,0.0245434910662,0.0490869821323,0.809935205184,2.10092283526,0.112900058904,0.294521892794,1.64932259965,1.58550952287,0.0147260946397,1.96347928529,0.0196347928529,0.00490869821323,0.171804437463,0,0.476143726684,0.0196347928529,0.358334969566,0.0147260946397,0.863930885529,0.0196347928529,0.00981739642647,0,1.64932259965,0.0490869821323,0.00981739642647,0.122717455331,0.0441782839191,3.25937561359,0.422148046338,0.0441782839191,0,0,0.00490869821323,0.00490869821323,0.289613194581,0.294521892794,0.535048105242,3.61280188494,0.0441782839191,0.323974082073,0.765756921264,16943,3429,20372
WintersTale.txt,winterstale,WintersTale_Docuscope_.html,0,0,12.0099942601,1.00617888375,0,0.232974305298,0.58074754364,3.35280413276,0.192457034811,0.405172704865,0,0,0.00337643920721,0.0270115136577,0,0,0.0270115136577,0,0.0709052233515,0.0168821960361,1.2627882635,0.904885707533,0.246480062126,2.50531789175,0.925144342776,1.78275990141,0.00675287841442,0.00675287841442,0.222844987676,0.43556065773,1.91106459128,3.10632407064,1.0298139582,0.800216092109,0.486207245839,3.33592193673,1.18175372252,1.99885201067,0.0270115136577,0,1.88405307762,0.064152344937,0.0607759057298,0.0877874193875,0.232974305298,1.22902387143,2.64712833845,0,2.18117972786,0.0675287841442,0.158692642739,0.29037377182,0.432184218523,4.79454367424,1.03994327582,0.209339230847,0.276868014991,2.10352162609,1.25941182429,0.330891042307,1.34044636526,0.445689975352,0.898132829118,0.26673869737,0,0.0202586352433,0.0168821960361,0.26673869737,0.0303879528649,2.08326299085,0.192457034811,0,1.0298139582,0.0540230273154,0.67866428065,0.209339230847,2.27234358645,0.381537630415,0.364655434379,0.692170037478,0.0405172704865,0.0405172704865,0.398419826451,0.216092109262,1.02306107979,0.0438937096938,0.597629739677,0.486207245839,0.172198399568,1.31681129081,1.25265894588,0.0202586352433,1.13110713442,0.0438937096938,0.398419826451,0.12155181146,0.428807779316,0.00675287841442,0.00337643920721,1.05344903265,0.0101293176216,0.0438937096938,0.628017692541,2.06975723402,0.0979167370092,0.442313536145,1.5936793058,1.88405307762,0.0168821960361,1.36070500051,0.0303879528649,0.0101293176216,0.0337643920721,0,0.790086774488,0,0.317385285478,0.00337643920721,0.41192558328,0.0270115136577,0.0540230273154,0,1.25265894588,0,0.00675287841442,0.0877874193875,0.0135057568288,3.27176959179,0.530100955532,0.00337643920721,0.0101293176216,0,0,0.00337643920721,0.202586352433,0.273491575784,0.624641253334,3.3224161799,0.0202586352433,0.425431340109,0.634770570956,24704,4913,29617
